/model.23/dfl/conv/Conv_output_0_Conv_bias_packed,0x00000000,7a559f4a019f790f7d9a741ae62ae605,5
/model.23/Sigmoid_output_0_Sigmoid_table,0x00000010,bdc6492618750558b5ef9b62f2428da5,256
/model.13/cv1/conv/Conv_output_0_Conv_filter_reordered,0x00000110,482c94b77c994f489450c9e6684e0052,196608
/model.8/m.0/m/m.1/cv2/conv/Conv_output_0_Conv_filter_reordered,0x00030110,a411c88ba69485999d98f1742dcdbee4,147456
/model.10/m/m.0/ffn/ffn.1/conv/Conv_output_0_Conv_bias_packed,0x00054110,a3a00fb3d89f4f0b47fbff42cdba9eac,2304
/model.10/m/m.0/attn/qkv/conv/Conv_output_0_Conv_filter_reordered,0x00054a10,f620d77196736de5ceaf83f17c7fcb2d,131072
/model.19/cv1/act/Mul_output_0_Mul_table,0x00074a10,815a392fadeb312aabc70d55f30d5341,256
/model.10/m/m.0/attn/Softmax_output_0_Softmax/model.10/m/m.0/attn/Softmax_output_0_Softmax_pow_table_bf16,0x00074b10,e440c362c612682199b9525c4610e38d,512
/model.11/Resize_output_0_Resize_bias_packed,0x00074d10,ae4efebcfb18a3a722e4aceb3c767822,2560
/model.8/m.0/cv1/conv/Conv_output_0_Conv_bias_packed,0x00075710,6b0db37c7ea7367f532e54a20bce3f01,1152
/model.10/cv1/act/Mul_output_0_Mul_table,0x00075b90,a745fbd7c05f701342ab295a8f94e297,256
/model.8/cv1/conv/Conv_output_0_Conv_bias_packed,0x00075c90,b3c13ba423e5316fdf8175e16dbf8f82,4608
/model.6/m.0/cv1/act/Mul_output_0_Mul_table,0x00076e90,ca0b398b7933df3d1639e32017f24052,256
/model.23/cv3.2/cv3.2.2/Conv_output_0_Conv_filter_reordered,0x00076f90,bb021f50153c1c581ae6e9703048908c,512
/model.10/m/m.0/ffn/ffn.0/act/Mul_output_0_Mul_table,0x00077190,e98f846601b7661437e584fc1d8857bd,256
/model.10/cv1/conv/Conv_output_0_Conv_bias_packed,0x00077290,1d264095e3fc6a9901bede62918566fa,4608
/model.9/cv2/act/Mul_output_0_Mul_table,0x00078490,656cd455b653b349ddcb4a48ac58e6eb,256
/model.10/cv2/conv/Conv_output_0_Conv_bias_packed,0x00078590,97a2242c59baeed4f64b845358b4d258,4608
/model.17/conv/Conv_output_0_Conv_filter_reordered,0x00079790,0b33453b691a4aef10f37f976fc2b713,147456
/model.10/m/m.0/attn/Softmax_output_0_Softmax/model.10/m/m.0/attn/Softmax_output_0_Softmax_pow_mantissa_table_bf16,0x0009d790,b03a305a67c67db9b63f5160933c8931,512
/model.8/m.0/cv3/act/Mul_output_0_Mul_table,0x0009d990,571e26f789ee41fb53e22fa38c75e112,256
/model.8/m.0/cv3/conv/Conv_output_0_Conv_filter_reordered,0x0009da90,6b2ed1f9ca1885699853eebb648c7555,65536
/model.8/m.0/m/m.1/cv2/act/Mul_output_0_Mul_table,0x000ada90,db770e73ebe7153e44f4df89b76eb932,256
/model.8/m.0/m/m.0/cv2/conv/Conv_output_0_Conv_filter_reordered,0x000adb90,13944d9cc7667ec940a275830687c2a0,147456
/model.8/m.0/m/m.0/cv2/conv/Conv_output_0_Conv_bias_packed,0x000d1b90,bb7c43a9aef0882610a52d010804dc68,1152
/model.22/m.0/m/m.0/cv1/act/Mul_output_0_Mul_table,0x000d2010,e0266576d872fa3698f6a58e56fa0592,256
/model.4/cv1/conv/Conv_output_0_Conv_filter_reordered,0x000d2110,686bc514aeaa3cb607d07f55af9246f2,16384
/model.2/m.0/cv1/conv/Conv_output_0_Conv_filter_reordered,0x000d6110,e56e80cc0ff11ad312e5bebab147321b,4608
/model.8/m.0/cv1/conv/Conv_output_0_Conv_filter_reordered,0x000d7310,ebb8dbb97640e92e78560b635a1d8b9d,32768
/model.8/cv1/act/Mul_output_0_Mul_table,0x000df310,5a9e3f32cbeae4b1cd64df9c421a3b24,256
/model.8/cv1/conv/Conv_output_0_Conv_filter_reordered,0x000df410,e2bc547051ff0c5c2c341768aaae4b70,262144
/model.22/m.0/cv1/act/Mul_output_0_Mul_table,0x0011f410,7002765bf2991b121702a34655a0f36d,256
/model.8/m.0/cv1/act/Mul_output_0_Mul_table,0x0011f510,141ab860761d762e1b07a2fca6779642,256
/model.8/cv2/conv/Conv_output_0_Conv_bias_packed,0x0011f610,d3e69a47f87f11e55e67819959b4c862,4608
/model.4/m.0/cv1/conv/Conv_output_0_Conv_filter_reordered,0x00120810,c11793ea6bb12f55044df179812d3b0e,18432
/model.7/act/Mul_output_0_Mul_table,0x00125010,b02d477d5015c59d8ee74f60ef5520bf,256
/model.23/cv3.1/cv3.1.1/cv3.1.1.0/conv/Conv_output_0_Conv_filter_reordered,0x00125110,6ff7a7abe724e0dedaefca0774bc2592,1152
/model.4/m.0/cv1/act/Mul_output_0_Mul_table,0x00125590,f168165d91e84fbfd13e4ab60ee7cb4c,256
/model.6/cv2/act/Mul_output_0_Mul_table,0x00125690,be4007fd4175b7cb82257fe428e09250,256
/model.6/cv2/conv/Conv_output_0_Conv_bias_packed,0x00125790,53bbd1486069596cc1fcf701b42ebf66,2304
/model.23/cv3.1/cv3.1.0/cv3.1.0.0/act/Mul_output_0_Mul_table,0x00126090,77014f385410d805038cdf9cc048de29,256
/model.8/cv2/act/Mul_output_0_Mul_table,0x00126190,7b9b178804a79a60df17eecd6282f49c,256
/model.6/m.0/cv3/act/Mul_output_0_Mul_table,0x00126290,3d095a9b303417826235a2b2b5355fff,256
/model.14/Resize_output_0_Resize_filter_reordered,0x00126390,abfffc0e8d9fd5e9a93b677baa3a9f0e,1024
/model.8/cv2/conv/Conv_output_0_Conv_filter_reordered,0x00126790,1e317b1a7e1a7efe4e4e8fde997ccbb8,393216
/model.23/cv3.2/cv3.2.1/cv3.2.1.0/conv/Conv_output_0_Conv_filter_reordered,0x00186790,8bd7fb163d7b85939a45b07145b9fa0d,1152
/model.2/cv1/act/Mul_output_0_Mul_table,0x00186c10,aeaf3a1b279759cb060b8df0accbd7d4,256
/model.4/m.0/cv1/conv/Conv_output_0_Conv_bias_packed,0x00186d10,8f521a2426aeb80a21b3f114c6ae350c,288
/model.5/conv/Conv_output_0_Conv_bias_packed,0x00186e30,d07d9a1c656c724ca892fc6bf7d46353,2304
/model.2/cv2/conv/Conv_output_0_Conv_filter_reordered,0x00187730,86b254a6dee4b301904ec1466abde11c,12288
/model.13/cv2/act/Mul_output_0_Mul_table,0x0018a730,0b3666f1a20e02bee9f3750f5cc3c1c2,256
/model.23/cv3.0/cv3.0.1/cv3.0.1.0/act/Mul_output_0_Mul_table,0x0018a830,78c72b06dbc0700c78a0bb80d8e3ac75,256
/model.9/cv2/conv/Conv_output_0_Conv_bias_packed,0x0018a930,994e34da419777ade4e946ffbdfe32f7,4608
/model.10/m/m.0/attn/Softmax_output_0_Softmax/model.10/m/m.0/attn/Softmax_output_0_Softmax_slope_slope_table_bf16,0x0018bb30,4d4e3422dc2d478598fd158ca28969b3,512
/model.6/cv1/conv/Conv_output_0_Conv_filter_reordered,0x0018bd30,bde31a4294c9304e6558e940d078a19a,65536
/model.23/dfl/conv/Conv_output_0_Conv_filter_reordered,0x0019bd30,c230c3dc838e5adcb3491f61872fe95b,16
/model.4/cv2/conv/Conv_output_0_Conv_bias_packed,0x0019bd40,d1f98efb547158d6cc4a50106e4d2c8c,2304
/model.16/m.0/cv1/conv/Conv_output_0_Conv_bias_packed,0x0019c640,a5b10bc5274a485f49fc96ca362ed6b9,288
/model.10/m/m.0/attn/qkv/conv/Conv_output_0_Conv_bias_packed,0x0019c760,17b98f372814088d68cd298a402c3dfb,4608
/model.4/m.0/cv2/conv/Conv_output_0_Conv_filter_reordered,0x0019d960,4f4af5e70c77211df70fb991e14adf9e,18432
/model.6/m.0/m/m.1/cv2/act/Mul_output_0_Mul_table,0x001a2160,fa12f36ecdf28457f4991e898a83ba15,256
/model.4/cv1/act/Mul_output_0_Mul_table,0x001a2260,846d264f5f9e426d3e31a4f96b7a6332,256
/model.0/conv/Conv_output_0_Conv_bias_packed,0x001a2360,38030f30dbad00005dd36522cb5da45f,288
/model.19/cv2/conv/Conv_output_0_Conv_filter_reordered,0x001a2480,f95fd53da391d05a5b1312db9ea6c76a,98304
/model.23/cv2.1/cv2.1.0/conv/Conv_output_0_Conv_filter_reordered,0x001ba480,4f54278b2c7a43e376995c3c4e2eda37,147456
/model.23/cv3.2/cv3.2.0/cv3.2.0.1/conv/Conv_output_0_Conv_bias_packed,0x001de480,01be543646ef085e287c70ce34bb245e,1152
/model.10/m/m.0/ffn/ffn.0/conv/Conv_output_0_Conv_filter_reordered,0x001de900,b0e351165699dd90abe662f121502b81,131072
/model.11/Resize_output_0_Resize_filter_reordered,0x001fe900,3c019e2ed35244ecf93d6d9d230cf17d,2048
/model.9/cv1/conv/Conv_output_0_Conv_filter_reordered,0x001ff100,7f757a694a3d739dbcaeabaf3fb05f0a,131072
/model.2/m.0/cv2/conv/Conv_output_0_Conv_filter_reordered,0x0021f100,c6c946205106b0b34b8eac9602d8df3b,4608
/model.23/cv3.2/cv3.2.0/cv3.2.0.0/act/Mul_output_0_Mul_table,0x00220300,8ce177f2635390bbba8d23c11a53d605,256
/model.16/cv2/conv/Conv_output_0_Conv_filter_reordered,0x00220400,88c3feac791c334c63d779877a10c57f,24576
/model.4/cv1/conv/Conv_output_0_Conv_bias_packed,0x00226400,b7cdc94ae7728f94d69021ef4a50675e,1152
/model.10/m/m.0/ffn/ffn.1/conv/Conv_output_0_Conv_filter_reordered,0x00226880,3c54673bedcf43b89f65d7f96050ad4d,131072
/model.4/m.0/cv2/act/Mul_output_0_Mul_table,0x00246880,6809600ebabfce9556827528c0a1b5fc,256
/model.4/cv2/act/Mul_output_0_Mul_table,0x00246980,85687172a5e80ae7631ede33af00b637,256
/model.2/m.0/cv2/conv/Conv_output_0_Conv_bias_packed,0x00246a80,f0e8ae84282722d70c91f432c89f597f,288
/model.6/m.0/cv3/conv/Conv_output_0_Conv_bias_packed,0x00246ba0,037494fc5af38f45606f464e6663943d,1152
/model.8/m.0/m/m.0/cv1/conv/Conv_output_0_Conv_bias_packed,0x00247020,4272b7251568c614b4446bd7eb4076cc,1152
/model.6/m.0/m/m.0/cv1/conv/Conv_output_0_Conv_bias_packed,0x002474a0,61cfb90ac74f2e50b51dd30a3d250b3c,576
/model.2/m.0/cv1/conv/Conv_output_0_Conv_bias_packed,0x002476e0,e3bdf1e0ceb6eb8f6634864d45dceae0,144
/model.2/cv2/act/Mul_output_0_Mul_table,0x00247770,8aa407c9f0439739fb4d58e5dfc7b08c,256
/model.9/cv1/conv/Conv_output_0_Conv_bias_packed,0x00247870,c5e71a0516e3efa85781c8d91f47b3e9,2304
/model.2/m.0/cv2/act/Mul_output_0_Mul_table,0x00248170,2f2e28efcb7ba79b6ed42886b8cfc4c0,256
/model.8/m.0/cv2/act/Mul_output_0_Mul_table,0x00248270,fb8803872c96ed6e4a79010992a259d6,256
/model.13/cv1/conv/Conv_output_0_Conv_bias_packed,0x00248370,583db3d7ebd2d6bda32fcfadf2cc08b1,2304
/model.6/m.0/cv2/conv/Conv_output_0_Conv_bias_packed,0x00248c70,a96fbd357d7aba05b01d8224ac5c9da8,576
/model.0/conv/Conv_output_0_Conv_filter_reordered,0x00248eb0,93eba988dd2111ca7248942a60150dd8,1152
/model.4/m.0/cv2/conv/Conv_output_0_Conv_bias_packed,0x00249330,6aac551bba735a44342c24f26294b192,576
/model.17/conv/Conv_output_0_Conv_bias_packed,0x00249570,01bf12c68d9ca76be8605e077becf8d8,1152
/model.6/m.0/cv1/conv/Conv_output_0_Conv_filter_reordered,0x002499f0,94594450daed435bca4b02aac32109db,8192
/model.2/cv2/conv/Conv_output_0_Conv_bias_packed,0x0024b9f0,9dec7bf3b2e7d6e39c553852a7a4beaa,1152
/model.10/cv2/act/Mul_output_0_Mul_table,0x0024be70,ef778c2d5917a2d678ab78e0d1bbc16a,256
/model.6/m.0/m/m.0/cv2/conv/Conv_output_0_Conv_filter_reordered,0x0024bf70,20cf4af6460ed328f2e3371bbaf48b0a,36864
/model.10/m/m.0/ffn/ffn.0/conv/Conv_output_0_Conv_bias_packed,0x00254f70,8340079bdadca9bfa45b628f731d69ce,4608
/model.10/cv2/conv/Conv_output_0_Conv_filter_reordered,0x00256170,61f63eb2bfb54a1e9cf15794a53e25ee,262144
/model.1/conv/Conv_output_0_Conv_bias_packed,0x00296170,cdd65683ccc5815905fc1e55e27ae1da,576
/model.22/m.0/m/m.0/cv1/conv/Conv_output_0_Conv_bias_packed,0x002963b0,1eb8d8841cf95924322303198a1b73af,1152
/model.10/m/m.0/attn/proj/conv/Conv_output_0_Conv_bias_packed,0x00296830,e22e96d0daef9010cdaed8df009b6845,2304
/model.6/cv2/conv/Conv_output_0_Conv_filter_reordered,0x00297130,04cce09496f2d1b89692ca1a97ec4339,98304
/model.7/conv/Conv_output_0_Conv_bias_packed,0x002af130,9e52bd4f63e9501f761b3514fbfadb18,4608
/model.4/cv2/conv/Conv_output_0_Conv_filter_reordered,0x002b0330,af8fc7584e34307f6d24a48455406620,49152
/model.0/act/Mul_output_0_Mul_table,0x002bc330,bce955828034072602d90860ba35e39d,256
/model.5/conv/Conv_output_0_Conv_filter_reordered,0x002bc430,7e8cf75d58304a07610fd661d350a871,589824
/model.6/cv1/act/Mul_output_0_Mul_table,0x0034c430,93a496288957a3f01b50797f36bbf695,256
/model.10/m/m.0/attn/pe/conv/Conv_output_0_Conv_filter_reordered,0x0034c530,790e5404b11c05c2e8b367e191c33428,2304
/model.5/act/Mul_output_0_Mul_table,0x0034ce30,9bafc23040b44ec141417fbe193540c2,256
/model.2/cv1/conv/Conv_output_0_Conv_bias_packed,0x0034cf30,aede8545b97b71139b226484adc9765a,576
/model.13/m.0/cv1/conv/Conv_output_0_Conv_bias_packed,0x0034d170,e945b3b2fdfbdb5e74b807a237f30966,576
/model.6/m.0/m/m.0/cv2/conv/Conv_output_0_Conv_bias_packed,0x0034d3b0,2835016a0e753e345e67f029e1d65745,576
/model.22/m.0/cv1/conv/Conv_output_0_Conv_filter_reordered,0x0034d5f0,564d973a60cf7eecb1f2dfe10e452ac3,32768
/model.2/m.0/cv1/act/Mul_output_0_Mul_table,0x003555f0,2862e2a95df965624212e7df8b8c9110,256
/model.22/cv1/conv/Conv_output_0_Conv_filter_reordered,0x003556f0,767513a3a0e50b8f9c116c0d2e765371,393216
/model.22/m.0/m/m.0/cv1/conv/Conv_output_0_Conv_filter_reordered,0x003b56f0,d1750ee25f57f1f6b02fa80d7c196a64,147456
/model.6/m.0/cv2/act/Mul_output_0_Mul_table,0x003d96f0,5e2398b0db4daae1b9f1be86914dcde5,256
/model.1/conv/Conv_output_0_Conv_filter_reordered,0x003d97f0,22c5738a78d2db36cb7b8061586d8b95,18432
/model.8/m.0/cv3/conv/Conv_output_0_Conv_bias_packed,0x003ddff0,86e527b091ba5caa5e4096b93ab960ca,2304
/model.13/cv1/act/Mul_output_0_Mul_table,0x003de8f0,997cd21de2d97b20daca163f6d2822c9,256
/model.6/m.0/m/m.1/cv1/act/Mul_output_0_Mul_table,0x003de9f0,65449ad1d6e08021911da759e2dd7f79,256
/model.6/m.0/m/m.0/cv1/act/Mul_output_0_Mul_table,0x003deaf0,d9df54c666a7bab232f7f20a74728d61,256
/model.6/m.0/cv3/conv/Conv_output_0_Conv_filter_reordered,0x003debf0,b8b2a51947af6dafc5aa11a718fbe1e0,16384
/model.16/m.0/cv2/conv/Conv_output_0_Conv_bias_packed,0x003e2bf0,20bdf8f62e5c6590d949c52d3393d6ab,576
/model.23/cv3.0/cv3.0.0/cv3.0.0.1/conv/Conv_output_0_Conv_bias_packed,0x003e2e30,594f631994f077cca0f2ce1ea196b302,1152
/model.6/m.0/m/m.0/cv2/act/Mul_output_0_Mul_table,0x003e32b0,416f046162474761783573f7c1270c75,256
/model.6/m.0/m/m.1/cv1/conv/Conv_output_0_Conv_filter_reordered,0x003e33b0,fae157280dab65c3e109108f23f52c23,36864
/model.8/m.0/m/m.1/cv1/conv/Conv_output_0_Conv_bias_packed,0x003ec3b0,5d7f1b43e934d8cc865040305710a45e,1152
/model.10/m/m.0/attn/Softmax_output_0_Softmax/model.10/m/m.0/attn/Softmax_output_0_Softmax_slope_table_bf16,0x003ec830,ac8c9fd3dc763bcc460b6298d6171458,512
/model.8/m.0/m/m.0/cv1/act/Mul_output_0_Mul_table,0x003eca30,c26ee368c447f1606e0802bd1629c625,256
/model.2/cv1/conv/Conv_output_0_Conv_filter_reordered,0x003ecb30,0f51863e37f611a1efe08b12262b34e3,4096
/model.22/m.0/m/m.0/cv2/act/Mul_output_0_Mul_table,0x003edb30,45766b4b95b464c19202222ff3a5f0e0,256
/model.3/conv/Conv_output_0_Conv_filter_reordered,0x003edc30,72f7c21afca0f183c60c9e6fce94be0a,147456
/model.23/cv3.2/cv3.2.0/cv3.2.0.1/act/Mul_output_0_Mul_table,0x00411c30,b3bf3ece3ff0e7f4091707fdbff935fc,256
/model.23/cv3.2/cv3.2.0/cv3.2.0.1/conv/Conv_output_0_Conv_filter_reordered,0x00411d30,51d9f79b4cfafbcbc393838464e9a177,65536
/model.13/m.0/cv1/conv/Conv_output_0_Conv_filter_reordered,0x00421d30,3f6d07eb3c9071ae469ec034070eeccb,73728
/model.22/m.0/cv3/act/Mul_output_0_Mul_table,0x00433d30,c0a2ef91e7bf3ea33e1e588c0fb099e2,256
/model.9/cv1/act/Mul_output_0_Mul_table,0x00433e30,3a8d616f3ffed17c95226abe93082fa0,256
/model.13/m.0/cv1/act/Mul_output_0_Mul_table,0x00433f30,040f6fb9ffdde3dd330d347c7f32c0dc,256
/model.13/m.0/cv2/conv/Conv_output_0_Conv_filter_reordered,0x00434030,035bc44c455f7445fbdcd47c34e83d88,73728
/model.13/m.0/cv2/act/Mul_output_0_Mul_table,0x00446030,9004974b79170541ffa8defea2f0ed5b,256
/model.13/cv2/conv/Conv_output_0_Conv_bias_packed,0x00446130,91bcc107d0274a7fd89fd8e6ab4f779e,2304
/model.13/cv2/conv/Conv_output_0_Conv_filter_reordered,0x00446a30,7e96e04d30c29c080a6bc25e9feaf07c,98304
/model.14/Resize_output_0_Resize_bias_packed,0x0045ea30,d01a22dc4e0a108eb59ace78a5d372ba,1280
/model.6/m.0/m/m.1/cv1/conv/Conv_output_0_Conv_bias_packed,0x0045ef30,34d9000a2c27388f235f197d426a5188,576
/model.1/act/Mul_output_0_Mul_table,0x0045f170,9d15e245e51e90ff365575fe86e84802,256
/model.23/cv2.1/cv2.1.1/act/Mul_output_0_Mul_table,0x0045f270,a679c736199840761aa4b393cf12ea47,256
/model.22/m.0/cv3/conv/Conv_output_0_Conv_bias_packed,0x0045f370,881e2ea07a023a983cc36f2f8a527480,2304
/model.16/cv1/conv/Conv_output_0_Conv_bias_packed,0x0045fc70,afaa4cc311b44294b7dc3ec766ec9bfa,1152
/model.16/cv1/conv/Conv_output_0_Conv_filter_reordered,0x004600f0,a98fb7e492d4063868591a88ec143004,65536
/model.7/conv/Conv_output_0_Conv_filter_reordered,0x004700f0,03c795d777dbe7a97d8d5317a3ee0b94,1179648
/model.23/cv3.0/cv3.0.0/cv3.0.0.0/act/Mul_output_0_Mul_table,0x005900f0,53e4045b3cc95e647912c996b68f9d8c,256
/model.23/cv2.2/cv2.2.1/act/Mul_output_0_Mul_table,0x005901f0,bfa56f120aeab9086e0b12e662b747f5,256
/model.10/m/m.0/attn/pe/conv/Conv_output_0_Conv_bias_packed,0x005902f0,c5dbaef4a1aa8d851fc658aa6b89a568,2304
/model.6/cv1/conv/Conv_output_0_Conv_bias_packed,0x00590bf0,1dcac5f52711122874094bbf92968fbe,2304
/model.16/cv1/act/Mul_output_0_Mul_table,0x005914f0,747ee79c909aa704b8f0b23514aa2f91,256
/model.10/m/m.0/attn/Mul_output_0_Mul_table,0x005915f0,e2c865db4162bed963bfaa9ef6ac18f0,256
/model.3/act/Mul_output_0_Mul_table,0x005916f0,554690b3814f13ae4d2c81ed51d0c7f8,256
/model.6/m.0/cv2/conv/Conv_output_0_Conv_filter_reordered,0x005917f0,7bdf9b35fd690da7a75872093102e989,8192
/model.16/m.0/cv1/conv/Conv_output_0_Conv_filter_reordered,0x005937f0,4f5b4fa93b07866214e94d7094d4e2ac,18432
/model.13/m.0/cv2/conv/Conv_output_0_Conv_bias_packed,0x00597ff0,84301c15acb92d7809d8f3d45cd7bbce,1152
/model.16/m.0/cv1/act/Mul_output_0_Mul_table,0x00598470,64511f2009e4c2c97a05fd602211ad00,256
/model.16/m.0/cv2/conv/Conv_output_0_Conv_filter_reordered,0x00598570,63a3b5bc4d6c98ce80ed7d93b00329c9,18432
/model.23/cv3.1/cv3.1.2/Conv_output_0_Conv_bias_packed,0x0059cd70,ee48f5c53375d6b514a598f9b9cdfbeb,36
/model.16/m.0/cv2/act/Mul_output_0_Mul_table,0x0059cda0,0601cf7a089f14e57089700f392676b1,256
/model.20/conv/Conv_output_0_Conv_filter_reordered,0x0059cea0,49daee626742f9e82f7240f5226bd3e6,589824
/model.16/cv2/conv/Conv_output_0_Conv_bias_packed,0x0062cea0,c6ad179dade52ede2e8afbb5021891b1,1152
/model.3/conv/Conv_output_0_Conv_bias_packed,0x0062d320,5d6ef79e7f1a877df46bc5f5ce28dc06,1152
/model.23/cv2.0/cv2.0.2/Conv_output_0_Conv_bias_packed,0x0062d7a0,90d8e2441bc6c3357e725ba644dceac0,576
/model.23/cv3.1/cv3.1.1/cv3.1.1.1/conv/Conv_output_0_Conv_filter_reordered,0x0062d9e0,df3da27c0d2c9ed12b397e80abf4f90c,16384
/model.8/m.0/m/m.1/cv2/conv/Conv_output_0_Conv_bias_packed,0x006319e0,177a149518902772ba2e94a06f285c0f,1152
/model.16/cv2/act/Mul_output_0_Mul_table,0x00631e60,c91d2c639649a618d980fc52c17e9bf4,256
/model.23/cv2.0/cv2.0.0/conv/Conv_output_0_Conv_bias_packed,0x00631f60,c0f5f217ccb7f2fb4a78f10095b64fa7,576
/model.23/cv3.2/cv3.2.1/cv3.2.1.0/act/Mul_output_0_Mul_table,0x006321a0,ef9472e14dca161731c72d1095e15a8d,256
/model.23/cv2.0/cv2.0.0/conv/Conv_output_0_Conv_filter_reordered,0x006322a0,bc839ffc7e566c8bd1f85c026adb34d5,73728
/model.8/m.0/m/m.0/cv1/conv/Conv_output_0_Conv_filter_reordered,0x006442a0,de28ff0b602f3f296a592c898a5defcb,147456
/model.22/m.0/cv2/conv/Conv_output_0_Conv_bias_packed,0x006682a0,95ccfc2f14726f2ae30ba09c0b6e9bbd,1152
/model.10/m/m.0/attn/proj/conv/Conv_output_0_Conv_filter_reordered,0x00668720,efd69623209de515725bbb6fccd07ca3,65536
/model.23/cv3.0/cv3.0.0/cv3.0.0.0/conv/Conv_output_0_Conv_bias_packed,0x00678720,8ff8faacc7732529103671729fdaf660,1152
/model.8/m.0/cv2/conv/Conv_output_0_Conv_bias_packed,0x00678ba0,46d23bf1f3911d69a45d24cb91e14c3b,1152
/model.23/cv3.0/cv3.0.0/cv3.0.0.0/conv/Conv_output_0_Conv_filter_reordered,0x00679020,a6b209e5ad0e458fee8db46bad036663,1152
/model.17/act/Mul_output_0_Mul_table,0x006794a0,7fbeff621512c7ac6675f201994aa4ef,256
/model.23/cv2.0/cv2.0.1/conv/Conv_output_0_Conv_bias_packed,0x006795a0,cff3766e62c99e1e17d67c13e1d10652,576
/model.23/cv3.2/cv3.2.2/Conv_output_0_Conv_bias_packed,0x006797e0,525118809d6e2b5211dbca3178527af7,36
/model.23/cv3.0/cv3.0.0/cv3.0.0.1/conv/Conv_output_0_Conv_filter_reordered,0x00679810,a7845963934bbb31be04e72cd832d848,16384
/model.9/cv2/conv/Conv_output_0_Conv_filter_reordered,0x0067d810,e2895f15137399f144077781b8ee7700,524288
/model.23/cv3.2/cv3.2.1/cv3.2.1.1/conv/Conv_output_0_Conv_bias_packed,0x006fd810,db34a0a0293c59a424203b357354bff4,1152
/model.19/cv1/conv/Conv_output_0_Conv_bias_packed,0x006fdc90,6fc23edc360fb866496e7f15069e2114,2304
/model.19/cv1/conv/Conv_output_0_Conv_filter_reordered,0x006fe590,ca3543a65ff8a5be80f30384eb7d538c,98304
/model.8/m.0/m/m.0/cv2/act/Mul_output_0_Mul_table,0x00716590,851f8219f868dd62c376dd81fe2f3404,256
/model.23/cv2.0/cv2.0.1/act/Mul_output_0_Mul_table,0x00716690,89d5bf0b8edd65a79632cb29476eb302,256
/model.23/cv3.0/cv3.0.0/cv3.0.0.1/act/Mul_output_0_Mul_table,0x00716790,9b5d5b63e12d077d93b56212c63c0144,256
/model.23/cv2.2/cv2.2.1/conv/Conv_output_0_Conv_filter_reordered,0x00716890,c676bb0d4237d245054c585136ae6dbf,36864
/model.6/m.0/m/m.1/cv2/conv/Conv_output_0_Conv_bias_packed,0x0071f890,a7d5f058bd7b6e9b847a415431a57ea2,576
/model.23/cv2.0/cv2.0.2/Conv_output_0_Conv_filter_reordered,0x0071fad0,fcd0260f56658a8ad1473e02e726bfec,4096
/model.23/cv3.0/cv3.0.1/cv3.0.1.0/conv/Conv_output_0_Conv_bias_packed,0x00720ad0,3a2c20cd6ad42b7ed4df2d47c00300b4,1152
/model.23/cv3.0/cv3.0.1/cv3.0.1.0/conv/Conv_output_0_Conv_filter_reordered,0x00720f50,048df0480e2dc1230615f88705f9b740,1152
/model.20/conv/Conv_output_0_Conv_bias_packed,0x007213d0,f1dc89ce8f8597ea34e3f60bce3208fb,2304
/model.23/cv3.0/cv3.0.1/cv3.0.1.1/conv/Conv_output_0_Conv_bias_packed,0x00721cd0,0883ac24e0ee011c67b3344782bfb2aa,1152
/model.23/cv2.2/cv2.2.0/act/Mul_output_0_Mul_table,0x00722150,840bc39fe2e0cfb740596741a58fcf72,256
/model.23/cv3.2/cv3.2.1/cv3.2.1.1/act/Mul_output_0_Mul_table,0x00722250,12b2259375dfa2fda9fe9f9c16e1e3ba,256
/model.23/cv3.2/cv3.2.1/cv3.2.1.1/conv/Conv_output_0_Conv_filter_reordered,0x00722350,7886249610ab6c2ce6b859516d27f65b,16384
/model.23/cv3.0/cv3.0.1/cv3.0.1.1/conv/Conv_output_0_Conv_filter_reordered,0x00726350,ca0e0f12c0de689d23f8a3d8f321cbc2,16384
/model.19/m.0/cv1/act/Mul_output_0_Mul_table,0x0072a350,c0d5e3fec01bf22dfa5e412ab90e85c1,256
/model.19/m.0/cv2/conv/Conv_output_0_Conv_bias_packed,0x0072a450,30ddf4ae2aa7f7383f2abf80183a3479,1152
/model.23/cv2.1/cv2.1.1/conv/Conv_output_0_Conv_filter_reordered,0x0072a8d0,8d736857fe7e4eabb032c058eec95440,36864
/model.22/m.0/m/m.1/cv2/act/Mul_output_0_Mul_table,0x007338d0,e0eb8f56b67c375fd63150cde246be7f,256
/model.19/m.0/cv2/conv/Conv_output_0_Conv_filter_reordered,0x007339d0,d8aacdda6cf0a557e742ad1519fdb140,73728
/model.23/cv3.0/cv3.0.1/cv3.0.1.1/act/Mul_output_0_Mul_table,0x007459d0,6411db53f21023b9a1286104757f4626,256
/model.23/cv3.0/cv3.0.2/Conv_output_0_Conv_filter_reordered,0x00745ad0,e96cf7e553e6f69d575dc82de3ea09d1,512
/model.19/m.0/cv2/act/Mul_output_0_Mul_table,0x00745cd0,bae72708838085acb76838f2eb0374ec,256
/model.19/cv2/conv/Conv_output_0_Conv_bias_packed,0x00745dd0,289b5edb5fc54530a9505f1cf8f9da64,2304
/model.19/cv2/act/Mul_output_0_Mul_table,0x007466d0,f3587ab9ac62ae7e5988c422773a5427,256
/model.6/m.0/m/m.0/cv1/conv/Conv_output_0_Conv_filter_reordered,0x007467d0,664ac171961e89008d36ecb591399cb5,36864
/model.23/cv3.1/cv3.1.0/cv3.1.0.1/conv/Conv_output_0_Conv_bias_packed,0x0074f7d0,b4e9bdb7c43e7486ceda437a78fa452a,1152
/model.23/cv2.1/cv2.1.0/conv/Conv_output_0_Conv_bias_packed,0x0074fc50,94639ae60efb6a17bf7443bd59f0e660,576
/model.23/cv3.1/cv3.1.2/Conv_output_0_Conv_filter_reordered,0x0074fe90,75432cd6196f0f6b32e3201e2dc04f0c,512
/model.23/cv3.1/cv3.1.0/cv3.1.0.0/conv/Conv_output_0_Conv_bias_packed,0x00750090,f3b43a03663531a8ce78f840bc5f6103,2304
/model.23/cv3.1/cv3.1.0/cv3.1.0.0/conv/Conv_output_0_Conv_filter_reordered,0x00750990,0024a81f5280549b65678e7326fd3ed9,2304
/model.23/cv2.2/cv2.2.1/conv/Conv_output_0_Conv_bias_packed,0x00751290,5058d0d6a817399c6ffc45b8026995ab,576
/model.20/act/Mul_output_0_Mul_table,0x007514d0,3f2332fd33ad72ad7cf8135e0ddd1e29,256
/model.23/cv2.1/cv2.1.0/act/Mul_output_0_Mul_table,0x007515d0,d3f99f77955d471eb5f2a95c4dd473eb,256
/model.23/cv2.2/cv2.2.0/conv/Conv_output_0_Conv_bias_packed,0x007516d0,69763c30b7420733b4c7a223ef2ca6c2,576
/model.23/cv2.0/cv2.0.1/conv/Conv_output_0_Conv_filter_reordered,0x00751910,d8e6702a9d2d9062b215d508123c336d,36864
/model.23/cv3.1/cv3.1.0/cv3.1.0.1/conv/Conv_output_0_Conv_filter_reordered,0x0075a910,b2819803e020afa6fa43d7f265437741,32768
/model.22/cv1/conv/Conv_output_0_Conv_bias_packed,0x00762910,12c1952782fb18510ab265718c27196f,4608
/model.23/cv3.1/cv3.1.0/cv3.1.0.1/act/Mul_output_0_Mul_table,0x00763b10,1fcb27c0f2cd447579405db00dafec8c,256
/model.22/cv1/act/Mul_output_0_Mul_table,0x00763c10,458e350f8d57223ece63768d279151f4,256
/model.23/cv2.1/cv2.1.2/Conv_output_0_Conv_bias_packed,0x00763d10,6365aefddb7358794a1df935d320f4c6,576
/model.23/cv2.1/cv2.1.2/Conv_output_0_Conv_filter_reordered,0x00763f50,92fabeedd5ce6770997ac448c2705f84,4096
/model.6/m.0/m/m.1/cv2/conv/Conv_output_0_Conv_filter_reordered,0x00764f50,eadd0342a2864c64ed2284b18ed9f74c,36864
/model.22/cv2/conv/Conv_output_0_Conv_filter_reordered,0x0076df50,e2948d484847826c6c05095b43e60f33,393216
/model.23/cv3.1/cv3.1.1/cv3.1.1.0/conv/Conv_output_0_Conv_bias_packed,0x007cdf50,3d6711499048e96a113f0d1bc4da17c8,1152
/model.6/m.0/cv1/conv/Conv_output_0_Conv_bias_packed,0x007ce3d0,0d6e17abd3da15a6dd788d20aefe3837,576
/model.22/m.0/cv1/conv/Conv_output_0_Conv_bias_packed,0x007ce610,869618e155eea7c3da808807090815cf,1152
/model.22/m.0/cv2/conv/Conv_output_0_Conv_filter_reordered,0x007cea90,97c2592dacaf536cbcadd8ecc074b86b,32768
/model.19/m.0/cv1/conv/Conv_output_0_Conv_bias_packed,0x007d6a90,5095788c62bf9d29ee952cd4fb75fa54,576
/model.8/m.0/m/m.1/cv1/act/Mul_output_0_Mul_table,0x007d6cd0,163de9317e2481cd6e21a6f08b4b3f8b,256
/model.23/cv3.1/cv3.1.1/cv3.1.1.0/act/Mul_output_0_Mul_table,0x007d6dd0,45c778bb4d27f9817b904b9af678738f,256
/model.23/cv3.1/cv3.1.1/cv3.1.1.1/conv/Conv_output_0_Conv_bias_packed,0x007d6ed0,651c6ba6c63708d2a94fc7ec4cc3cc52,1152
/model.22/m.0/cv2/act/Mul_output_0_Mul_table,0x007d7350,3ed2a84cb170270e805abd0f53736eb7,256
/model.10/cv1/conv/Conv_output_0_Conv_filter_reordered,0x007d7450,3a211d119f5f5ebb44b874623e1fc8c3,262144
/model.23/cv3.1/cv3.1.1/cv3.1.1.1/act/Mul_output_0_Mul_table,0x00817450,905a73cc986dcad1f86bb5453cfd07ad,256
/model.22/m.0/m/m.0/cv2/conv/Conv_output_0_Conv_bias_packed,0x00817550,0c56a619b0e8a8bef7055e746d0dbae1,1152
/model.8/m.0/m/m.1/cv1/conv/Conv_output_0_Conv_filter_reordered,0x008179d0,fcc89edd3f02213bad7ca2530a2fb7dc,147456
/model.8/m.0/cv2/conv/Conv_output_0_Conv_filter_reordered,0x0083b9d0,cb8a444769325988126ba780b1baf1c5,32768
/model.22/m.0/m/m.0/cv2/conv/Conv_output_0_Conv_filter_reordered,0x008439d0,c1f69decf582833fa5cb26a369deff71,147456
/model.23/cv2.1/cv2.1.1/conv/Conv_output_0_Conv_bias_packed,0x008679d0,3981c78ad5974c8eda21d9837d89ea63,576
/model.22/m.0/m/m.1/cv1/conv/Conv_output_0_Conv_bias_packed,0x00867c10,8edf906f3dea35a4aeca2736e410718c,1152
/model.23/cv2.2/cv2.2.0/conv/Conv_output_0_Conv_filter_reordered,0x00868090,ce674109c0d85a1c2cf38c74de4610a9,294912
/model.23/cv2.0/cv2.0.0/act/Mul_output_0_Mul_table,0x008b0090,6b5efbd27e0b230a6ceed9e5705e872c,256
/model.22/m.0/m/m.1/cv1/conv/Conv_output_0_Conv_filter_reordered,0x008b0190,78f308ea9cd1d0e7086998636196e027,147456
/model.22/m.0/cv3/conv/Conv_output_0_Conv_filter_reordered,0x008d4190,b252f3c493a3dfd265acc3b419a8a12d,65536
/model.19/m.0/cv1/conv/Conv_output_0_Conv_filter_reordered,0x008e4190,3a15ef36eafaac73a8d96265093aeef4,73728
/model.22/m.0/m/m.1/cv2/conv/Conv_output_0_Conv_bias_packed,0x008f6190,ed8fc9984e904049106cfea741de1534,1152
/model.22/m.0/m/m.1/cv2/conv/Conv_output_0_Conv_filter_reordered,0x008f6610,476ccd61832c5fc84c3a5d43c60b4156,147456
/model.23/cv3.0/cv3.0.2/Conv_output_0_Conv_bias_packed,0x0091a610,2d877c66d221ce33553cab1925c071fa,36
/model.22/cv2/conv/Conv_output_0_Conv_bias_packed,0x0091a640,f86cb95c7d6164e41f2b2ed238d1c38c,4608
/model.22/cv2/act/Mul_output_0_Mul_table,0x0091b840,a5193503c9556e1f0429e35b3c66e79c,256
/model.22/m.0/m/m.1/cv1/act/Mul_output_0_Mul_table,0x0091b940,4c4dbad66e833ad148b283cda93118cf,256
/model.23/cv2.2/cv2.2.2/Conv_output_0_Conv_bias_packed,0x0091ba40,a48f20c73eb9b11fcdfb3f29077b8b7f,576
/model.23/cv3.2/cv3.2.0/cv3.2.0.0/conv/Conv_output_0_Conv_bias_packed,0x0091bc80,238bd9f35adee71c00b04df154d680cd,4608
/model.23/cv3.2/cv3.2.0/cv3.2.0.0/conv/Conv_output_0_Conv_filter_reordered,0x0091ce80,40d7c86631de2c2cd0e2fffe44ef7396,4608
/model.23/cv2.2/cv2.2.2/Conv_output_0_Conv_filter_reordered,0x0091e080,d56cf803fe1f88ff0e7ce94b9cd23944,4096
/model.23/cv3.2/cv3.2.1/cv3.2.1.0/conv/Conv_output_0_Conv_bias_packed,0x0091f080,13a9e9c4940357aa888d5cf2d4553ada,1152
